student_name,average_score
Alice,85.000000
Bob,90.000000
Charlie,75.000000
Jack,75.000000
Morris,86.666667
Carol,85.000000
Kingori,65.000000
Ofweneke,76.666667
Jane,75.000000
Kwach,55.000000
Butita,66.666667
Jackie,65.000000
Raila,45.000000
Uhuru,56.666667
Ann,55.000000
